hash,readability
a32875bb89f84ee315cf7d0106a4840f46650347607d68cfeadc3cae686d3e16,101.25
aa2e31f7380b36a2e16fbb436b00fbe1cf97a8fd7f48c7e30a3235305cb2c3a3,101.25
eb8d6cd1d7b8ad74888ff296f85f765a5d1b69f9e4247431fad6987d99984f4a,81.31506849315069
4f95f765575537edf6e40533744ea7e33f942e2712c9a8eb7740d1799fd742e4,82.55454545454545
bf58e6d95eef65b59867a88ab9ef689fd872d520ddea470d9303135d3ffb1d75,153.92857142857142
a5557b60e26099c13e70bcc6c3502e29daf881d3a373cde2694edef0dd4b3962,121.58620689655173
ec207f956b124d4e36590b0415d884999c9f7b7b0e5e555d9c9afce5bd5ee1d1,72.72289156626506
39273cefc93382072c05f2f204877bbbd5747406c0df0d29ec022fc955227723,89.015625
fcafbbd5dba92489ba7d461e82a80394ea21ce32c298ee3831604ec09fdc4bf4,89.62694300518135
6c3da813eb6f4a471e67c130f001e0361913568fe07fbaefc91ce406b430c038,89.62694300518135
7e570d5030fddb8127271d3bdff840e89adbe8b9bb9e7aadac1e215b1dadca98,87.25
16f0a959852eec3ad7af49c7af79ba01fab3f892b85c2b5cf7481a4b9614e707,90.375
fbeea98e0d3eac9b34f9763f79a29eb795b87cec8363f87f8780f6140d96f12f,68.48076923076923
d88f82bd3606768c6e1bf3fe0609c61ae9ab2d5fdbf9d2cd6db20606f72e6394,88.07692307692308
1be2e21d494126c537c2ec3712e5fe16704b28c8b784e01172c08d6e6c334971,115.09333333333333
f7044a7a4d0d7015dd187155b314a29924c8959113de75dc38d5e8cadda9cab0,112.89655172413794
c18a0fc2df2d00e490c043fe33ff59ec0029f57b933ab98595c458351bacba44,92.17647058823529
27b6baf58667d663a6da03838901d7d514e97062b62c295433d2a6a6db2e4daf,90.73333333333333
65b9fb3b6e8e324ab239be5c06167ef62af6167bbf8f2340e256797a45084048,68.36241610738254
1073946ec3752cc71ab4d3773d4fbd973abcadc1185373231aa6d0089128767b,112.89655172413794
c273db39ad1891732105922efa594d441021fdea197ce54194f2245a002e151c,92.17647058823529
6670e20d54bcf5aaec2a745e029bd8e8468feda32915a8deab117922e245bff0,115.09333333333333
ea56a439337b897a236081482ebc7fdce8ac104ae4735b488c51b7fcea554854,109.13888888888889
a0b6373209141b28a53060f7b923b89fe919a59933234fc4a5510fedb655071c,112.89655172413794
613bc7abaa6a28a4398dc236891ecde38d3009fcd22a5c868e550a46adb5e87b,112.89333333333333
33de304c5cde959f70e7ab962ffa1ac21618a445b1fb5164bf834d5a1190be39,92.17647058823529
99fa181bd319d638dacf0b7d1b5456be4b1e65ecdad43d3f55ac8caa5cb0e152,112.89655172413794
bb93a02f119fc7d3c53e67f2accaea25640ee5880d9219fbb98e9b4b41f88f77,112.89655172413794
b52d1b765574bf856b009d99bfe9650cabf11b4288b718f023656db66375657d,115.09333333333333
fe630fa98f55d37a146ec95e7e4533ef8f7ee74545d4d267b6edd2f525a5de5d,115.09333333333333
ddb2b1bcdf0b098ebdda0f19d25203556dddca2b75ca6a204050a51260409374,115.09333333333333
038382bb935f016fdff32e365807ff27e96ec2dd3de46934c1ce99a0d83b8f2e,92.17647058823529
52fe111c75c26272a2a6bb9514d068a1805fa58d03ae81449abe2af630f69f51,92.17647058823529
cfd9d1ae4b07eca05772441c7acb4e544736db016ad60f207c2b1039cbd5f0e9,443.54545454545456
841613badcd2471f830cf5ff384965fd3aa59b97e438611d05bcb8d7332056b1,443.54545454545456
c66cf25e1ffb2940e4ea986aa4f1ec2dd7d6de9d455aa0bf48e0c4a0d2e401d6,339.9166666666667
d3a785e7f3e52e374aee63bedc0400da35b8128c721dbe1074bee7ee2c3e7222,339.9166666666667
b3146c709d8ffd64b65304921607eed1c9c89024405fbd0ef4cb4ba76fd5435e,441.3636363636364
f0b7803f320a824c53e867df39047805905e84c5b07fdd21149d95947da88acb,112.89655172413794
73557a9469c5f610ea544dfda85aa6fc6c52fdfdc800f2696f2eb8fe30c694e6,115.09333333333333
65d89f13332f6642288424a3758a27f605d6e94e8e91a81a996da5476d7ff4a6,125.68181818181819
1d577617af257de67009df60096a7a6f4d0225c29bffcc51149a52e34b641952,92.17647058823529
16737670586e510f88b95b16c7b53747903a72c6e9caa8e1542a03c8939e7a1f,443.54545454545456
512064970c1cb0ccda9fd6882df2b18fba6075776d6e0455249dd540ef3527c5,60.64
6a5a49c75580c299cbaf1c160ec94320ac4923eb34422fc3178bf1acd988a199,109.13888888888889
f58945276c7a906111208c16b0b44f2e3095737042a79c140c881c16c8ba29e1,126.0
e0cdc7b6573a32cce744f0e4f0e6797393aa25bd118b29873abb59fdee74d6df,443.54545454545456
310749f55448491615370ed102157fe6224a82a8c284870c7badb4ebff4453e9,125.68181818181819
db1b87003895063c7e527661dbbfd0dd4a3720ba0e1a4b6e5099c9591a6cfd50,125.68181818181819
9debb73b53f997ffdf1e1548eebcb5c8b72ab86d27ceee4318317f4db6c1a8f5,112.89333333333333
2f3600da5407a30decce861ab73f1cdf5291e5e2fa1510922e324a3a58ce64a8,128.0
e13c080d9c215d9f74787dc601a142e24e385c9c1085975885cb6f899ff4886b,70.96
11621c51d0c89cb0279b4fafbec9a6ca2698e290e916349b2f8a2251cf71b09e,125.68181818181819
69f8169e5c8109273ae0d99bd20a5b30a63e5fcf1ad4dc653f8a0dc7dbf130f9,92.17647058823529
d19a103219c98dd1ba3f5a6c9472f180f71102ad00adc1b5278b7fcb4408228f,115.09333333333333
61e3767b3c8ed428b39a398d0a5a6e1cfb55bafda0bc00f51663f234daa6d92e,125.68181818181819
e7e1d341ca0815b9fcd5828acb613e0118273d8b35759dcfc8eb82b77c527ccb,137.3181818181818
0ca76eaf6ddb5242e8ed94796c4da6153a160cb6c44110a04db0068250b63e49,339.9166666666667
032caebc650d990440a5da11ddadaea4f409f70a7f9ac91c54d7efb64f70101c,121.92424242424242
2de878b2a7144273983010c49c2c4200ea4c855c763e14779a2a87fd6968c2be,129.3125
0aa476a0425d88244ffff26ea8141df00dd852772ae9d2f833408d374b0f4994,71.8
f7cb1dc37c7d6d980f4b509052953d032076b28ab433009894869982c396c9e7,112.375
b96f8122e3e52df0bba3cf6b70014a9e9afe80fa322524e1d09f22e911f61a38,127.33333333333333
66fa4892d9329c257e57e2812b09a389b3e15b4f60dd3ce7b20723ecd43b8ff4,141.11111111111111
4bd604d5d0ef5ccacc1c3ff6adb77bfe864d070ee38423ce92e661c748732fbf,443.54545454545456
0258112694e67e9b9dcc7b7b093929dda92fd86fbaf544d1035b2020114cebcd,111.86567164179104
fdcdab258d331c442e418fea36aabf4cfe5affd2ed47fa2c8c2077e86a8ed644,366.90909090909093
7b0817b0278e462b9cfe0b76de28539fe8de9145e1af68309b50836cb7909470,128.0
3a1b759c85ff5e0d8737e06fe5b0c84ed962d14027e12613283fb3c99da9da0a,126.0
415f1b778680ab6aa605aeb61483994c8ecf30adb075b37b13aded7629e7f3ea,92.17647058823529
201e7b038fc77c9d6d19201d774351745645e6eea57ce687b3bd26699cfea739,115.09333333333333
3ff230c946971962839c4f64a39a94400aff58ba09426887fd276f27a1b5a00f,125.68181818181819
918e099bec6a3b1e12ad9b4538aa9f159353521500dceae4da6ca09648468240,70.96
9eb1455b140ee130ab84480143e20886bf570205d2dafcbdbe8652c6694d2848,70.96
32f6ee491beed74919a038cbc5beb5464e2562a962f9f656b53c9131a6c39df9,125.68181818181819
30bef545a398c74b36a024405b8cf6b525dba99f5f8ff2d6aff8bbd7dde02991,125.68181818181819
17ae4358c72bd8c1291be727697f59b42d934b5db12ed24b0408ec0a9342d8d4,80.67708333333333
14c568951e9d09d215f6271e9fbdb3746a065542036ac4ad9cdb036104af0f97,112.89655172413794
70ab3edf97a2333c566cab536f8591aa99b37495c41fef419e97cc6f67de0310,125.68181818181819
ad900bfe33baacef038b7e029e0043ffeff11e4a8a25a58a17297087852c48bb,68.93939393939394
62c96b73053ef7017bf4a781c0df0fce3f0886b5c01d897913d8d15be0bbabb7,126.0
677bc6c660d0169b7c3fe43725e7308a98c5b54bbf53f3a01348d15d80b92b53,125.68181818181819
88d577da4fa5648d4e2cfd7df1b65bc7413e7effc63bb7938794ce037f9a6cd8,94.36
d218ac68c1a13714cd30af16787319d8d030010622169abc1593dc37eeb99d7c,128.0
48802bedd007095b3efb6808dc69a19328fd2d90461db3321b695713e4de2fd8,125.68181818181819
8627f24cac54360c6e5b3325cad2ccf5cbdb367f73f1fc794394457e4b10cd1c,121.35714285714286
2a66f924cbde3a044b3cac34fe62944844370c86f0f0bd5b6f3f502685963003,112.89655172413794
e91b9bc1e72221660498ac0c3e575f3c237965be7e68b0a99dc35c51dade48b3,58.0
392fb203b0a435edb8546e74e50de1d8dd8756633c1103eee209e7034c383e24,164.6875
7dfe65ef18e567acd7ffe402464e081e74dff6e2c6149ab6462a7027102d6957,126.0
da45caa481fa461ec7578074e9b4f7bf18fb288eddf6abba485837042dd57d2f,118.25806451612904
0a84d639b7a3c97206e2446001ffbd945de34885c498a22870eee6c9188fe65a,83.51851851851852
07b80b36f4f44eca115dc1abe290a6827522b12a2194cab9d9246e2e68174b86,88.3076923076923
3224c8fcbe35875ba7651e230046ef150fe4d6153d8c1cd69b603a9eb8f9c3dc,88.73846153846154
d9db9841fafe644bafbf7d7c0b19f16613f06ab81690efd1e4d43e95e398bb81,89.734375
63eed849dc180747558b23d473ca93b28d7f53c2379d52f27d11161863289ec0,90.203125
f591f71c15925af39a800cc137b8581c2ad0bf2f8a78b0987b988a2c4469947b,89.9375
d20fe7b810f94d0d27ab05008ce7192e27fca04b4c68ed8aa9cd97c41db5e1c5,88.46153846153847
22636b077d6ecd418ba2518f85b0f6d76f741ac260f4a6bbe1cc8672e9f82871,88.859375
583f213a2203b8f6c2c76ab2431adbcc077ba0da8a391640eb557ee87bb2251d,89.1875
eda926f7911b035123bbecd4ebaf01b98900b76640abb15ee62182a60ae8ce1d,90.109375
5947d0c0eaa3c859acc9b6722e9a90e3219e981a97fd1f0a0164c36d7eb17af8,89.109375
0dcfab880f745ba258f0b1163ca1facb412e9051282e636c4320af9f04a419b3,89.765625
829ea11067bf62087a88523089dee411dfcde983aadb4f299dbf1d0df2c75e34,88.890625
40d3961434db26254a46eeeb49ecd527597eb18b71fe4675bd5cf24398ddd4e4,78.94318181818181
e9ad5c2e04079c04b5bdc7d3e446f447dc50422bcf1c1680b5959c9f110a0d3d,203.125
b5e46812cbbe83fb1ac616ca851d6798299c6667773abccc6a12c9591fe54a12,105.30555555555556
3d257249318a7af0428059f4600c502f012be950d9c3f3eceee38caf8884b7ca,107.9041095890411
4a5d45da83e3767333e5604be5bca2d8c65731315f9b311c5978524fb7b0cb7c,213.44444444444446
ac7be65a2994d31234fce84469fe8176547a27cba87bdb34f3fd88f15d5a289d,131.98039215686273
9cfa16c8fb4d67ffda40c997c24ad3595a963691888227abf7168f1566161d30,86.69642857142857
d15686070c30b7f98ed47561eb5b751b41b5902434c47d101c9bea034ae867fb,68.01123595505618
f9c40d59de07c3882de0b08c8d7d753873ee3e15f164be27c7079ddcd3a1a26a,89.62025316455696
a9526fee0e79890101734efc192b923483125843955d66f6f42778b0fd59383c,107.68776371308017
6a156f4fa0662e28e98ebe8bd0c63e29b52d69dd1fc3a19721102df8aaa1a0a6,70.8578947368421
1e52366d69cdeaf4c5a3a4d69a8bc2eac08f74a7aa3626d8e4165b8beddafa32,114.54545454545455
9ae694d848be4b53578f6038a803f7eb747cfbb468953975bf0bef3bb230fc2c,73.9074074074074
01973bbda851142f6ec9f2a42aead6a38d303c3687454847edda828f2f338170,107.81111111111112
49be3cf520008377971a28fe5eed4b004130cdd9946d5b789df36353161ac6aa,222.875
a499d1c65b009cf7ca31e8e58bf45e6d2c0d3bc54628c80b9ae49de37bd16b30,107.5
4d8f9b0e8ab7f7997c48eac14bfd99181cff373df14b79530193b049f27915d1,105.88571428571429
30998045efdcba2583e94adf00e4c75cc298bb1c1cab4a6f3bc5b35d295a978d,125.54198473282443
0f365436e12f84ad58b05418d5602d2ccba406389190ca7bf7d3f6b44659155e,94.66666666666667
e15e6f11a4c2d70a3c7db42b9d014b68b54f4875ab2ba632b844a3a869b0fc22,100.9
fe32fbebc63a7731b673dcb06c8bc04e54d0ea595353289e39534a5f4b6bbfc1,197.5
a3b74be7b216f4f524c0e86001ca379fb3d8833f9ab6e1415fe8e8ebd7c1be23,162.94736842105263
b84ae6655dba0cc34da41be824a156341b4ceac2072d754a8d8e037309394d1c,119.70149253731343
86a5b9ea7eca2f167ca51ca66558bc475409d42eccbae2b68c60726d44272c51,117.96190476190476
382ad42b8fc8f77845b4fad1d3d4ee670bf2afff328fb263b9934dc2103eee60,118.01904761904763
aa71d4e8ac03adcbdb77500dce68755f02a28b840a8751ccb049f2fc9f193a0d,119.4776119402985
7bdd89f106e0b370cf1c3df5160378a26417197d14c4a93348ab7b1b55d9f306,196.88888888888889
81f8bcf9605e9d441733859fa0d96938cc6589ec592473577c4b301442508ce5,162.73684210526315
17e31ea1471021b7bd213c394b837970465bbd08bbc4b168bb63dc0aba3e690e,366.0
824214ee874129f9a089baa6e5226360d9e1e8aaf2bebffc28774e91370a3c4d,370.0
9cec06394d83fb2f54fde7333ff20bef11becb6fbfb1b1795fd1094c31775904,366.4
a631764180b6fda0c6ab7d37b16f72d901307a6dd2dac81121da8c30d4d0adaf,226.66666666666666
2b3a2345a816588b55cd464da0854b522779c013ed847baf0d6dd907b84d37b1,111.21212121212122
f31359cc88163e238298f1c9aab1e2d1f08c4816a9de684a23c6c266c676abe8,135.0989010989011
f4571a48d6b4bc808a448d2750d5637e0a22490a34d79280938f78309bd7e6b6,203.875
bd73166fdebe6ee4e0a1016a58d2d78ec7645e3d06f826feb5823e9638a62b3b,110.17391304347827
6e0af56af8dcce0e4027d57ba93a87e4b40a698d294695fdecf84e5ab515d4ff,99.07142857142857
0b37a4a79dab51c123663568906b0a759ba275bf4151cf3cc613ed166dd48d49,110.29166666666667
d5430520dc7dc7a31e09d4e3b58bffb4cd9c64119b6b585f45f23e4f84f6fda0,63.08965517241379
e04e1ff4979c95c7717e506208974af06a5fe337000963d8218a6c14c71daf99,106.40639269406392
c97901eb11ea5dfd6dd74c90b93468908eb3a54645fed25b6670d07848a9b2b2,106.70588235294117
00ea3534c7f9c4ecfb12216b19ada3ebeca3f9fbac6d37f2410d2983546a5d79,94.76811594202898
68f75930df753be641de7c87cafad5e5500b31b8273086ced2f59ff2f6a1e8b4,114.54166666666667
1d4a31409b7b37a24522144040eb85b65e8d611ea18152445c66d8dba61891d8,90.8
0b82da6fbf09d6396b3669e3fdd631934fe452d6f219fa0d2629c9165612fa5c,86.07741935483871
1552ba045f1f651903cd769fb941c887ca76ad67f769503f60366b3975bb1ee1,96.4
41c63dfe50e4351c14bd7f3d66edfcf24f12ec82530d7693c635066e400a5413,105.01694915254237
bc731ea528a28c6b96666c7f3bb783a2589be8c2ed8d464e8041fa533c52fd7e,87.67724867724868
e480e5c44dde3abafdf04e79b13f141172a553336b11c92786aad88f8b1758b6,86.07741935483871
066f772036de3d035b5bf7806405250c1b80be5a5c115878dac0231a2529d6bf,103.95833333333333
1ad1ed221b931e4c1ac9a745cc57730b4f34efc7c35e962e4098e7a1d2c2e611,68.77142857142857
53c0ac7fcddcf91cadd187f72b263ad18d5862119ec405bad6dc143acfd2dcd2,67.35416666666667
f44cec7ae35d51bde740cef64b4108545163a7f9d7c5f8ada354e6c418f204b6,84.09333333333333
39695eab2fb915f02892e422e892c0c8ef0bc95a970d04af13b4ee5a7220fae0,206.71428571428572
8f00775f8a1cbd84f72d7397b4e189edc34826e36e023e2d296df59ee2f43e95,83.37908496732027
fbdfd6d106ff95adb823a89c2469fe8d82a26942ccc56eff26be4d5ddd46e606,90.64935064935065
fc85a3a7b39336489576fbeacfe34d446778a6ad4657ec189ee86400e8d6ea93,445.0
26ce7082bc6efc23fb90af8889c58c6944d82e9b9210e6c0a1e69e11f20a6ba2,126.45454545454545
f7989222cbe20ee8ba5d23e09e8deffc90c0ae8374b1f74861c4a5ae8a0c38c4,76.0
68c79677f61fdc926a4aff94a5241ba57548e57c0d23b9168200662f30ac8eb6,63.534988713318285
3a9a51b7a67651fbc6f2bbc792c4abf6d70622bb5ab97f675e3e2a27fd57a1fc,87.59433962264151
2690bc07d453f62e12a23bf75b6811e676bfec3b409a15e99fdd5c93fb2e0852,105.31944444444444
79d5f56afe71a83211b20356620a56e35a6f2fc60207a5518b86dd1c641f206f,70.24719101123596
9b5b2c7347c49766fa80a9a1188f05ce3d4a8ffcf61a0458dbb50dd82b836244,204.5
e69c58fc7c9e133a3dd5b853a431a249da0423734139e74376593684f4b7bc3d,73.98224852071006
5771842cba2a133cc119e5971135a3101423643c1336d27d7741ad1f3a9d674a,108.1829268292683
70025022df25ca87e502eea0ebeaf9c7c8a957cb248ad080033a8e0e0dec3c2c,117.5
9c6077c0bf5ebd677abf22362254c5946e2b8cd9d10712c7b263df323e31eab6,73.98347440548166
3bd30ca8b89e939f07dff120ad6395fe3fa4dce3d13b98191f12824dfd3db90f,80.52018395503322
fa801baba660744b449af19e3a540bd7772996bd96fa50e7de7d334cc0fe65b6,82.6842105263158
1ab6c0c877757caccb07ded0e381e442087157f5cc45cf3e89e8e001603df0b9,204.75
6cff03c3d374bbcf964ead8cc9548777552d1e7e16b9467c3fcfd2ae41506c45,105.48611111111111
848ec85f0e80b4faddd1d90762cf518ab91ee022a03306f6577162bc9e891746,75.24242424242425
cfb082fe6e3c3fac7d9649131ac47c4f3e3388ab720d162f8a46c3f82844b641,199.125
aacafa39c05e8be50b3ac0f73e04105be3b7c118322eabcb42316c826110be49,104.70833333333333
faf7d176f38f4ca90b43419032dd49ebd22fec931926ffb9cfd1bf52873b45f9,87.57971014492753
c4a6f52db474b0aa4017309bafadc9a9147eca9ab3d11a30ca7fdc0258ac6b6b,103.8974358974359
12138d258e97d24b657e0a57b6fb2040cc27a63307472dc747a8c33307152096,118.62962962962963
dc17e872fe7bfe10149e37d265ab2bc485f9f6798dce798bd7f9f3a18a23e12e,271.9
9aaf4b94354f831999bc579229f28ee876dfc0d2fdbded40aab4d1ee87268c3f,271.9
d078a59d1b1aac863f41c739e184bdbf625a576f04e89b3e4dc831ec4a13db4b,125.38605898123325
139d40d10c2c94839f41513f2f46e0237a648b16a77c344f42d564cdcc8f6760,589.6
1dfe83120865a6bb0cd1bb1f94ff3d4b7d637bbae9b920c8b79681738e6e2254,241.21100917431193
6c465bdcbdca5d8f0d189b3a916dd4147ae0224ff2973c717fb6ff050c5a06ef,178.0
5595873fb553a53bf7933d2ba01f18acd43e7e470ac57df45ccbd38256d62d6e,100.47798742138365
b9d0cfcc08b3f14fc5f63be95e2ffb39533fd1c42053be888dfbb9aa3457765a,123.80357142857143
1c8499210a658efa56ae4639050bb125059dc871b07387670c6c57329294e4fd,252.5
6e5fa8443a86d07451060c221acb3793f91694d792b5e8941d578e89318273ef,80.7816091954023
1ccd5f2b3d464a2501a52ff5bc50c92d9823cc371e271053ed2eba853fd1ff75,88.72131147540983
233cd053b8fac56250ad6592c289b78892c4dd2fdb87aa9fb9985857668e56b7,278.3333333333333
d4225cdeb30ca8739c4529414f34dc63976752fb2e2c0c42aaaf09c6c34f9e82,78.60759493670886
6d24cd715a0c955f1a394a1ccb286ca8442135fe9128cc397cd4bab182f864a6,315.0
e26df3b1a3776506b7dae26e7d1f8f11151945ad9cc53be0669e7adffe4a46e8,105.36111111111111
4393f798716fc065834513a14e398cb0f2c471fdf1bf30eafe31e5de5469eed4,201.375
3604a5ad3af7a8a4d63c71f929a16dbe1e7e0f9b45551ac47ed9ed66ed9513fd,211.5
e11d6c9dac169967b4cce92f490f742f160876aef4631557e5d829b7d4df49d9,64.51020408163265
4fd318decbd7b254a51f4a19f1daa75d0375af1894c407d15e83088d5ef11e89,144.5
933bf14af7cf3c3e831f2b18030cf7e8590fb6e4c8faba1281d0f143802b5d17,100.90104166666667
96e6d6b061263dd306a76e530c87c76269db196d73d4c8e107c11486e706f72f,100.30496453900709
d1ea5725a16c66b9ed88ec1383f84ccbd4bdf8c79387c53bc43014a9cc5d163e,75.625
aaea22affc48ed7c089fe31ba06f38435a86e2e6d37716e86824feeaa17529ef,99.35238095238095
019d7ead7afdfd4a96f63c6e15b0fec6c62d30ee080a687b18c70009db5f377f,171.30434782608697
2a26ad0d12aefa0a59d40c3c8fd5d79b7b3a975839570415fe88621d5d7b8bc4,278.15384615384613
a72088d42d48c951b9d502984d324c0d1057c95e73d822d2e420a0b2541e8673,260.1666666666667
0797d2e62834af5738124151b658211749e2d45ae01b7ce49a3e3afb3ff2fe16,89.89583333333333
fa52d9c35d2e32d10d9ea94cb4a2b59f80224f1f8728b5b5c7b17d5a02cd8656,118.0
2b1b5b48a82c85ca98562b6a0284bc018d7e5835999e5ebbdc34c133cc76d531,110.68275862068965
344af2ec2e79935f501b9c00d9f6aec09c1782d849cb66e0264b7d382981757f,89.89583333333333
591a5e6d27bcaaf322cf88c8d6cb25ecb16cca087ff330f50207348642995e0f,98.74657534246575
7746fbf7cfab8f02994d6948d3085dfb08bc04b965df4f27b045e80fcf0ded4e,110.68275862068965
6cf88a7ee15a5990077ded2c5324f2ccb3f7ef22a19157560474637ebd9782f7,118.0
016b5b984b963ad80fadd3fdad01f6b76bf0c37e510def85b4cb8632ecf1a784,54.34415584415584
50d04c27ecdcb7b4c9c1cfbdb0f107c7d467bf5b26b5e05af43fc585f8004b9f,85.1864406779661
d5c55a6766fa8646d266be8cd798e5f57726f1bf533799a6d7d8c27fe4888a73,97.12048192771084
b76a87fbccaf3b0a11e5bd7c1c151aa23de392726e05cb595f7ce363de4523d7,83.5
846e70b05e40869e7e93da6a11149f147d88843f40c3fed4c0335b8b3d7993a5,75.4795918367347
8fe9240531671e52e20149f6e58964c5f54eea1724fce5ce67af7c68f9580901,87.42307692307692
66dc5eb215430acd1bc3ef0993266b0678ed54e539970af0d94626db7e37e0a5,97.12048192771084
cda295b1ae3c90ab708b32d8cb497dd184137a95c0c0fcb5a2ec3d08151dc58a,192.5185185185185
7ae8fe49fab660ead3514c2a39fd3f9507ad91728be6a37e9bfbcbe582bec44b,732.1428571428571
d05cb40907da4b6044fdf72a11e310f98aaabca150350c58a1fb7e91e800f8fb,847.75
3917a04eb07e29d41e9be608f416a3819399dd345b3fe0f646481f7367a9b425,1577.3333333333333
970f03f3db60bd161d89a08ab5abcd575dc21d733b13c5271a2ac56c30973523,87.13461538461539
7436c65cb2966ab65fac57984f102f960ca296c44c1ebeecfc4ccab254f3fd80,313.4
a3fb2d44f8e09e68138512dc80625b4cd269efb04adc79e6f1cc15ed88a6e65b,1617.6666666666667
a9291643f095f6d66139604aefc7734b0c373b8277c17f42c52113152964f442,54.34415584415584
7ef3ecbad74ebecb25526e77027c99e5bfaf9c2d975b2ffcb11ecaa3567b80e6,47.66525423728814
6cacf0c09f631b2dd02d557faf2a36a7a24da062c14fbd026260e7b4bcbd44d3,90.1125
0b718140daa313c5235d05099db7aede0c8cad21dbac610d83fcaea9431e7c72,24.0
57848e63ad4404eb8723e08ab2d49589c2db930b83b61d0cbad950265ed031a1,124.26
f4437258f083f953a6f5a06247ffd0214ffd3c4f240ba96b71f2fd474e2bb003,109.45731707317073
2d637a4a5e63f4eee8ab5536bc8eba89d85a7ce16fa88a4151ea267b478624b8,105.58333333333333
d22d2a17d44368b4d46ef76b4fc6de280b55220357abc8c90866ce88ca9ab7db,205.625
f9c5a7c37b99b44e4f4498c29b5fef29a7943272c165bb47e1ae350f66d01e4e,128.42592592592592
31ca6037399007dcd67af162657a84f1d18a2b81712cabfb0fe274b467c4c5ce,156.6290322580645
17ab6efcb57a56487750acfabd8d136a16b773de34ca81fa45648b2d648d720e,176.5
74a4611b2c4b1f099cd40aed4b9b25f2e6fb2651240639bb453fd2dcdcbc082c,72.71268656716418
11bef4124c40c96d382d1dbb9d07b6cfdfb1402d93412fc94355fce29b204b01,188.0
522038981f1febaedec8b91385d5437bd730cc666911befea9946697d6ca06f3,105.51612903225806
fd6c87ef7607b211f7d7ed9935625d70286d08f5c350ab4609722778d0a3b84b,207.4
13a866cf89e88b16b8fd66355752f883402543ab382ef8588fed093b34cc9477,63.049019607843135
2c8aa08b4138fdbd4a4702967d617398e592e2fa1dad1dfb4358671af3f7530e,124.51428571428572
8481b808d2f3ef5cfbc8c34448566ba6ebfe4941923ec0d1a2d55cffa23fa805,53.22670807453416
3109a4b57d205af308b46b757dcdae959ac6a3dd4d010297c7eb7ed7be14cfeb,53.22670807453416
369580f7015762754faf6f03fca064cf8a646c9bd3f6b54b7b5b369caac11855,53.22670807453416
bf763b33190529104fa7fc5028ca5246216f03d95c29b70dd61e48388af92545,53.22670807453416
bddf9bab1daea06ecb3ba91ba8a77816036d3cd7ef1f334f0253196b2cc619a9,53.22670807453416
6f65c225c3c156c6603eae33984705d87c07ece0071cbda9a20cefb3d7ae1397,53.22670807453416
0f6753a6afd149802d53e36a34493dee4079bff2760af3d370dfdcbb0c37bc97,53.22670807453416
e350befffa0f4c0c6563cf23f60ab4848d2f0679095e80da06dab8d2f23d5f6b,53.22670807453416
ba3c8a443d4bd9ad3cda5f5e7f20a90d2a78772e5107d5a50d2adcb61085f158,53.22670807453416
4de97c377cb60fa0b75c43b4a98c6ed55fccc6504ce17cd5664628e306a23bb0,53.22670807453416
f9f0e8a0128b915cff738afee884a7075a365dfe414b794a16c4170b372b0b58,53.22670807453416
b1e16f2dc850d94ef1d5a68b0f660d2637e87a822cb3e23cae854c815a8d344a,53.22670807453416
ab5a362b24db9e48fa03409c36ffea0d618540b35d6f7949aa0b759dba96a469,53.22670807453416
c81f4f43b3720fe48db36d207f936a60cfc94950e031cf7b69ea1b1c296d2e8a,53.22670807453416
d0a6b3cf4ecf373907fcf664646549b3ad90dc6f1123f25f2153c3d1d0764f01,53.22670807453416
f8f8e209dedfa4722f7f8a64cd51063e6c0c6f7bef0cc41299c4671c0f326e57,53.22670807453416
73b4cdf72deb9380b8fe0f35422f54e450816046f1395040090144eabfc5409d,53.22670807453416
3c8d4e4e64a753f041ec16afcfa13bb821dee9d307fbfe8a7a3ca8f80c969a1d,53.22670807453416
4670708b7d0f2e741a6397f518921b630a6b91a67a96d9824e88e824623e26f3,53.22670807453416
57559b824a45b6a92e151064cc2187047db6cef3425f42a8e66d2e14b5e82535,53.22670807453416
814b5d37eb3f54e006bdc57721ef89069a6dd478c1becb81f62391509c5aa961,53.22670807453416
2afc3d1511ce456f57983f95b43f42ebb8aba0664f409efc1f077985520900e9,53.22670807453416
04a2696e16d606333043e99bb9651c7fd9b712152e66c47bb6db046e2198d39e,53.22670807453416
e16c6d5e6ecbad385ab56791857faf70fd42bb407ec4b505d3b115bc155e387a,53.22670807453416
8516228c81a31e5804b9b7ee1aae7444349f07b9d67772133bba4eee430cd922,53.22670807453416
17527a6be7cb3fda4553cb7917a70df4bdf8d04b6330de13d10aac2f19d3fd01,53.22670807453416
991e99c8444466fc984184bfaf3fc221fed6f8df4b707a4f6f754a6adefa05cf,53.22670807453416
3736e823a3056e2e73005c85db7ac563ffb0ef66bbe7899245e8a46c571ca96f,53.22670807453416
dfc487bb9df1f5bcd77827323c903b64a70e31c8842d792faf781a9eb7eaf63c,53.22670807453416
54e62b8ea4584146879a788ee973ffe3fd894685755da29837ea5f001b5dff38,53.22670807453416
ce36acce6026f1c8be3be833a75b33577a1b8b001381ad53f03287a425ae23f8,53.22670807453416
0e4bc8d71c0cb4c15f5fe75a366193dc713ab544118d156397c8f597b65f7c27,53.22670807453416
0f39cb775b0f963127a298c6356d0f9631cbd8650f9307210f8be5d9746e6262,124.51428571428572
ac336dc1a9db9cf7e49e9de1940e3614468fbc29bdd1f932796469ef2c32561b,124.51428571428572
135b2216c5acd1c0b42ef08803e3ea85446e7e848f1fc487a74fe10d087f88a8,124.51428571428572
5bfed0b4b73da0419d37bb3ac9755d9057a328fa3e4c61a68dc3d71867c636aa,124.51428571428572
68d886415477791628ff405d2e50f9a642d59b223288bb7bda0349a7297eebd8,124.51428571428572
c925a2c8f7a3c50f08d2f192893df7579da66d27c71e6199028543219fc7c912,124.51428571428572
b8a8415f246f50441d41921396066268961f4fcc21399f7027d46db6c6bf3a86,124.51428571428572
f11a6675434a0b1a88bea82f7f54d9ca67790c38bbde7c9113fe00fc79f41ac8,124.51428571428572
ded02c29b0dcd98c1504f589183c00aaf30e79aff6216c7f1494ec3de5ab42b4,124.51428571428572
5f303775ceeaa8f9e285da234a32cbfff55601f321bd79f54946f59697c99c1f,124.51428571428572
cacdc065aae5b32ffa77fe3e23e0fd1e68da4ab4efe8c0402d5b581be363901a,124.51428571428572
390fc98ede7f792b72ce29eafd5a6d5140fc708c7de7c781ec31421584804a9a,124.51428571428572
21ade48c61b02a0cd98e6390a9d6f9896c95aed23a4a5af845319ca4c13f3a17,124.51428571428572
858848526177b91ccbe9de3222f1adbf4ba32c22d56b141f7e36e10763c8bca5,98.76470588235294
4d532a2a34a3acdac882365f4a24355ee319b6f9c15b188a68b6ab00462b7e47,183.36666666666667
677dd9d4a5f1b3e8981673ec69584ca4941f8b6296c9f11b308d7ba3557e2e3f,128.13684210526316
dec60b72c9fc079afc60ffb6e97ab3691acf88b71e704df4fe9f70f69a221bb5,89.8510067114094
28b2832e5da4fc2a39796bbfd01b4b7f2f6b5d2c03ac1006e5aded2c9ef1cbbe,89.80321285140562
b7753df3c0c6c2635ae9a15d5c9b031ace7759b15e842e7efeffa09b21bbf595,77.51851851851852
d705245f71fd5091d210914eb72935a7dc282902520e315078b20d2e16e03f2e,77.51851851851852
858b2be4154b57724cb7f3b6772124f0afcf6484514752bde74501de04e87702,77.51851851851852
b2388d30e4f1c57f26aa7ed30a5a6c531dfc521ad88a76da250a0a675369609a,73.03448275862068
bba32f6f64ef153861d754b3d5939070767a99864b0a0d1bfba4ea9edc7f288b,95.40350877192982
96c678e004fa9a143d9804465cc12d9cac8ab989077123f56d8a062fdfeaa2d5,73.03448275862068
3fd8a068ef6297c2ff5a8c536d27556204f09c57b8c36dc40b88e4f0342ec34e,100.48979591836735
4607731fb554e7d40b579b30be3a806ea469ecc3687e1daa49acec2be5929e02,105.47222222222223
79f9b949310c3f77d44a6a927460610fe52f66dc66d910ae77e150b466fa60be,114.73770491803279
82aa5480f497936b64fd2866622ec9820e6e3b2ba4aef43b1a2ad96ed2338d25,204.625
f01fcbdc76edf40baa930de7243ef31e2ffd2d41333d5e4678cd770e1f611f09,143.75
9749b916d8bcaaa4461e7e956cad59450c486b7dc6c37d7591bf933a53af5361,129.0
07e7e885212633049ee3af03682ce54fa53a751720643a0b11c9a0bad3181ad6,259.3333333333333
ed718a589950644c5acc9d28875afa7f59380252eb019f8a367eef2a5ae4e4e3,129.0
88c283ed234e801b0cc58050f9b649ba0f37d8a2cf0cf0ccb220e997816637b2,90.72222222222223
8ed1f1fcce43178f47a0024f2687764f1bead699957278ecfe8fe6a1dfafe665,133.0
7d96d7ea9a60ba11c90f48a02318da283b55f7a909f57d09c8e37d947b0cfc96,104.75
59d81c8b942938ca0d4a3549e0709f5a5adb35d685cb4a3827ba3a641e72a315,498.0
653efa66df223f2ca74a6fe76c40ea8d0110774db3cc189b3e2be7da88d1dce7,90.72222222222223
dbd0c3dfd6bc16081745d11b03e00c9dad324005ff3a41cd9af7542d3f9410b3,129.0
75706ef984557e79633e4fca07285ab982ab43bdc555a337bcf490109e839304,-1.0
5d66f7f238fd66b99f7d399e72f02641d3266c04563480746f106bcf5cf5831a,206.66666666666666
2cb043f31021eb7c47d54d8478d25a9e2b4b27b1e7ca2f888d0507195bacf51a,118.6
fab959be40da211a93f95d53b50d4fc23071fc41338f4773a3d3463220e8e827,129.0
3feaa2903428bb233d2b07e45eea070c15e63ea8c24db846940f7f7606e495dc,129.0
4339843a7b62e103600653d5a2be3ae388aec20c70610d1e88783af8a053f874,498.0
1156ac071dd9d632ea5279c785916cd41ff3302bc6b28e26d097e147b8818d61,395.3333333333333
41050cae4abcc899afd4af0b63ef545228c12332fbc4e26c21a1578bda350a8a,259.3333333333333
2a64a749efbac6a695ec1664b6d71bd4a6f35c15bb15cda7947b9efb54aaa77b,129.0
0c98878f297157a3a648001e9e36df6a4632a518593ba16bfbb7c4d462cf0335,157.23076923076923
095db2faf16360e5c87f93a12d7ef4a30164143fdfd5a04c4d37b4303d932ac7,69.29166666666667
5c1cb5c9fb3b70bc7cdf89b4d2d6165f82ce6a9307c6cd18e5e605c73a83a08d,52.0
72d3ed7a299ac2f8ff617e582e28474314c4b1d8f5233b1a937778175c4e99a0,103.94444444444444
02996dd44330022d8ff77c800037550d4029623172574d13277900a87ef803d6,223.0
08a72368c4f8a504999f7ab91dd8a9ca9b647cca92ba7e906f9852ea53a18139,191.0
15c053f2f2ef11199fe8ef60f4b38c78881dcfb713fc7ac763fe9b62ecd7008a,107.51388888888889
a16a5909f7f60b9b990031852dd2bb67a3db43d81377c7c29c711cab9a6e8031,321.3333333333333
4982ca67b4e7d1bccc777a3b96bd5a64694850fd04f76fa19931b03d2a1b0539,124.42647058823529
6c64d15a1a1f11176bf124da235d3db477d44f46919b7495b731bfa5fb7d435a,64.31188118811882
16d3c040395215f29274894a80c3233b9e8ccad26fa6943d314df647adb78d5a,321.3333333333333
728f54428f1756eba014a7717fa37da1c05c9a65397722508885eaec3d3059d4,63.0
80747f31965d818a405f17a492a4e62ac6dc891fe91406214e7fd0f3c88bc7db,100.86206896551724
7ba5eb7c09bff5d2ee30819aae5958e6d1ecf3c2dc25566ac7d860a2d0dde39d,-1.0
bad71f9e06bcb9e8efa378fcf236148eb58d4f9e7f56df2242f31a75c184fd50,103.72727272727273
2cf40548600a476eb91180588eb33e72f6da7a4254d2c4ce94682a45dcba9272,104.4041095890411
ea75803b55bcf3f3bf58a7d670cd7c291b0001c75fda24ee064c42ac0fa3f7a1,101.72727272727273
3447aa1edac5a78637ac61403428aaa62a3aa9188c643ca5d338f0832c6ae753,214.125
6ff008525e702d0f7d96936d7ab9479ae6373b58a008f89bb5aa403f302986ac,106.38888888888889
ac61f8aed546ccab5a91550b1a51b2ff6f0bc8c148e5a9ae3b4f292d620d0372,2283.222222222222
dcac4bbf338dd6a01709929dfcc66ae9de13ec85879cf4a0077dd6a92438b777,205.75
9c3435fcbf64cbfff6ad4477fbd17b556f231c955a497316e099f88df896f550,105.58333333333333
76f38157fb68fa42d89be610a397c5fc20d74d759b9c4af4a668164859e3979e,117.24285714285715
a64b959788207e2cf23b7fdbec5ef250d15c6991e9366b662f949e6f8577750e,174.75
7f81f8d2bf2feaa632fdd9758019394e514071284b8680fef1d98f9e48169439,102.0
cb1bcec4020a0f587e90b2e7633826646d5b6ef25781c6a83940a2718c54f303,82.75
38191830897d4b2436bdd214600173aba9f24362030a0e38cbcd1fb9caf08404,209.53896103896105
e0dc93da46f4b21d034b8e4f5c43d0301b100513e3bfe17077d0d6e1a460b18b,270.1926605504587
5b7613b3f94071a462a8c0957e9b47baf737872bfb3910ae5ad5321dbe4c3650,76.87628865979381
b25889924d3282e50dc60bb79c2c030fad94e239ad9a17400fcb35e08368bb35,203.05555555555554
32fe74a6697f590aa225d0d7ea9fbab0b2b035f467c94080bf1ff978f342965d,53.919093851132686
7a139810f89f3fa6c90845ef9bf19a1a37de1e6455112fd8a0b6e9ee3c731240,95.18181818181819
d99db7fe2716581cc142d2db38d06a7ec0a38d4165f0e98eba889a21b644885b,106.98809523809524
f746ee2beb71337bbefe95579229196dbbca9fdd26f3ed4be7136b387f808927,93.67948717948718
914620d04e3b109be40dec8a0e9f61da59f5a202b100bf6973d80efbffb0d7f9,77.75903614457832
211c52332f4006cbf8fdb0d8d897916b2c0698680bb6f9448d97964d1d01af5b,156.38888888888889
70babfde3b4455c8293a26f91fcee45ff8bfce88558d0b2b72e44a407ef39db5,86.70833333333333
7432e9cb3970812976fc294d1f1ac5d7533c0098d7636243826828f0d0534262,105.49090909090908
3c90b68ade3a2ddfa50874a252cd07b9c9dd02e8d7a2204f25b0366eab2906a5,100.46153846153847
c63c71edb8a69785d7e42d99e83b0ae2f7996588dd938bf6555794cd263ad68a,93.67948717948718
49196650af0d2fda7870e750db5d279e8a37314d2c682ccf7e82fba8c8685b1a,141.8
a75310fd2ef54f902428f51c5eda278dd2744da1ee5a85d91bda27d454612d6b,108.08823529411765
a6bbe5f8ebd2153cafd4a0474a168398dbea6d65a703494242af0a7d3b965b84,193.125
aa1ef0be4c0727b1c6b881a07150c5316c9264cef9b0947c5777232f668ddb1b,104.19444444444444
82464f016d32e8eb7e8e13f60b4631fa230e9e8d0de389a858281eb096bed3d2,97.34545454545454
40ecadf456d85e536d727908e2c0fc55a6ee48a6a808947362a09e9ed44d3b70,97.34545454545454
dc9343ee3ccdbabae66a61567f7faa290093384e18d51bc0fb09ba65211cf788,105.06944444444444
9c0dc12e06b1e28c8269d08fbec070a5289e041a1a17a5be0fa4d3dcfa572ed5,202.25
3847f6da5a79f75186396080ded83f5d43821217fecd3dc7464a82e017e49d67,96.0
1b9f091fc50abcf5308301c9c664e2762c9d044c2ca29983ce491a94978119a6,98.68831168831169
76ea2eb6487d17962deb1b8e5159e1194ffbb8443b7b0cc603cd2d2f832c136e,117.75
9dd13edc3f97f3baa52f537700be32fce9bbee0b4a4a426b3e61c90e25d523ef,106.53333333333333
94a6eedf3ca2b1e1ec96e170d2896036f9a704b558adb090b44b0f768e6575cf,173.22222222222223
35de418b7096d8634ce823fb795b93e6df30bb182cd8ddb1ee709fee6800d60a,91.9
f6eb2b15ad57251ed55ba58a43d077e76fc89ac15b9f7cbca3631115699ffa4f,102.95890410958904
858d2a7a9669393a5ca8ff6bb4ff40dc09067d6f69a2fe14a10aac0b01336289,117.6
b2af32c8274bfe5b73c422b53b4972312ce11c8221e0262f98ae01352c916d3c,124.80597014925372
c8a278400317487b9664b55358e82f1d54fb37252b240ca99abbb515577a6d3c,119.33783783783784
ecc7fa7c492cd9228d1548c2d5914b9d3af87ed5e42cabf3ffab7584eeae13ff,72.6890756302521
52e67cef3496cbae5577c4ab1ad088271b600cd413b8332cf2efa0330eb4b414,145.0
353da030dff9010b4f3d26d80954ecb9ed41a6500256efea89f8dfb1dc58101a,103.61111111111111
ac198043cd9fcb60a803e1d1a58ce1908fa8d6a4c579cc1022547b2392465a0d,189.125
bd0ddb189ccf243bc283335e2c12727fd5e999a49e3d0d5173582ce40e0265c9,134.95833333333334
549a3e697892dfd80e8aa76f4af61b94bf0e88ec00e276c59230fd41fd342e09,120.0
99e08cf6bdb60cb7c173caf9b5c8c0fc885ba50c29647e240b6ffa3f0915d911,74.91836734693878
65763db0a55648b0015bc8e2d30849e45635955eaacfbd2c5cebe85215f24e13,114.47222222222223
b20b783a3177517a157bf29c5d89fd8a47a1416580b76ce5f252c4de615008cf,129.47826086956522
c8e46685af5978ff91f9263b8d38765879c184ba1e16d728d9de1091c9c6e52d,97.70370370370371
d049cda28083727ba70544a3bf53f3dc1cb013e242798bfb43bfabed14cf863a,79.9090909090909
9dc243de1398028e347cb40e3b70cb3a86ea32fec9ed196cc229ab99cefd6c6d,393.5
780714c81cf1f82d55309c41cf707274813dd65b85d4e2faef523553dcd94205,115.83181818181818
fa4a926f7741e32094c19787b798ad80da5698c39d86b3e507aa2a3eb239a2a6,116.61538461538461
db9a1443de6f8a9e1ec81097e95477267645ad6fa197d33db46413a9aebb792e,124.08219178082192
e003e1bee25afcaa5d00fdd2fe876d36d3efd567fdfa51a37dfddc9f217e03ac,-1.0
0d234835003c853fd60e7f11fe6b7152138769c00c4613be3a6ed1db2a124ca6,163.1818181818182
93e2e85a537e9c9a0502c5d463220554fd15c00556cfe955edfeb7b340941ca9,126.32
00c22955b1b6815e7d195185ef4cf879cbf4b12ff453fd2d9459992474a0b926,110.2439024390244
0d592b84d5d05929642a5ff4d5ed9c610a23e4315b1d9cbb02bcdbf4445a3dfc,106.06944444444444
ff3c8983c6647636e6fb4fedf7a846f1981a32ffb3cf7b1e20af5a2f218f0811,210.0
877dbcc16f646a29c82983ae364eac12646bc8e1f3b511e2f5625651a4bd1724,104.33333333333333
eebe024b3d6ffc6cd73050686e3508e6949b3d7ae18125b81cd2e47706fcb79f,194.875
ff60a55abdbbc471c748e440ac5803983f77685d10bddad53f5068c531e52b81,114.54918032786885
c1a8cd2f9e40d28d44892c9565a049b06e0c667d47b74f9e0ebe51617fe91144,102.04651162790698
294706fa116a708fe2e5b83793d9089a32f0a2534ca3ca69572d80777023462c,65.5
b74a580b1346ac173d02446a764e4c1d6c02658d8bf3ae8a71e19931a9ad9781,170.07142857142858
095cd3092d3114fea0a5091dd791a58eb4ff96511423ca110b9deb06d24e17e5,77.58461538461539
8cf753ae941761491613ec53b9b203684e67c950ab3b570ebf7198d9f826c4d2,188.28571428571428
70278386bcd947eda089dbaff5fbcdb1d787692cbfce20f169980c05c30e1718,113.42857142857143
0e09957abab32c87b0aa3202887889f13db566716d87c54b79122b7a4ebc17d4,110.13513513513513
48144af3db772cd0417a94e63472030c50c547fa81be8821f90a01394f5f29c8,167.27272727272728
f9bbd992d133bf34db0768091de570444a3eda281dc4debf47e20a91a56c5ed9,122.875
b65d537fc0b54c51aa6a88561b2f87eb584a99f34833e7e8722e2d8aff45bc18,70.23030303030303
6921cfd08903a059dc09835765d67a5447a46d117d24a3fb475d7a5812af7254,79.6774193548387
bb008d65f2a8951c6b2293e5ef7cf2a2bf5079e5d78f5f46a414d1982ed8b2e1,69.75247524752476
f415b29b496f1e8f18a8bcce53fe2055d5c03c68f9f756369d1c5facef02255f,98.02654867256638
4420efc565f17d826611b123eb45d04954e8a23fd83fd52d1f2bc51a272f27e4,60.79372197309417
ffeb15e00e5489529b0d5d8abee8c745831a9d55a5ebabac3b36fc9d9759b7e0,98.02654867256638
46bb00971dc8689e516d43cdec2cab18bde342f8ab185512c49d18e618f46c10,60.79372197309417
55c4a94c8630f3eed85d6f5d9fbf60f2cb4b0cade0d49ff2c42e33f63f404f90,106.30555555555556
17a60bbc7dd2192f5aafdfb7064e255ae6b0b7f6b74247fb75ffa490f0a1e673,213.375
66c8d9e5f4560c4c4ce03f1d4053f5f32403a8ce42d46b3c8c3a6e46b170cdf0,80.95945945945945
e961d0ccbb1204e94c4fc317d8addc4452b53b41219df6a6d83769939eaffea2,80.95945945945945
c6653938c04e423a3959c8765dd5fa256c4a87c3ce768bc6796c5f4e76d89367,108.46666666666667
3d53f21ab6ba70cc37a170527d75f605f135e386f1b12ae7adb75e5347aa1a85,325.0
b09bec5df5f511ab66d89506b7bbb496a3dde544837e8216d330c186eb5dbfc2,121.95918367346938
ea2deed4d1831917f3b6b9827db8089008117f1acba2536b9242104968f55b65,86.98461538461538
e019e77830dcde7956719675a335f41d0e6cbc631a78465cb7936415ef33e396,87.77575757575758
2b5e8b2878f7e33fd56954964be18147e4daf727f36d6c15dd3b245bb5c71da0,87.77575757575758
04a06b67493e4fafabe198aeec8d5ee9c9b74c415a2c0ca6744b5f68933fe0ff,87.77575757575758
f712ff3cea0b5dacf27235bd122cb95aacb4e26d419c16fad776c8efcde4b5fd,87.77575757575758
2eadc186411d96c42f232ab643b0110de04620e67cc9bc72030835afb6610388,87.77575757575758
f0ff25a2a688a0e26651f029e3f4d00d7395428baebaf46aa8f7d01316b72131,87.77575757575758
099da45f78415e9523bd6c8d664b1a80430a7788092106f38adbb6e3571e091d,88.33939393939394
f555cfc9cb7d838b02e62e59bc4a58d2d937bed844b17a1edd630c31769e83fc,87.77575757575758
9ca37d92a0931148680127637affad47e9a5046ddf03bf0d7a878a3b54aa081e,88.33939393939394
5f6d20a69b3005d6025dc37ebf4c4ead341e002de46958de0af20362bc4cea24,88.33939393939394
c08bdec5b2e4b51473ca9710bf0a5424ea16cd418275c22d380910679227c424,87.77575757575758
aaf97453f02d213cb8c8eb59c19d2836cad7c9b583ac2a3a8186a3ce8b66a302,88.33939393939394
3c866ed563602593d302e7d53436f588242d7fb13b8b22eef2b1d7bd045ecb71,87.77575757575758
c05e7b6aa19f75789813045ae521a3a617f069073b8ede80c12714bbb080ade6,87.77575757575758
63e762d1fbf37b45c9f42cfbc8b9127eddc4ae20bc1652056b43d02175588fb5,87.77575757575758
9b59d857a77fb34026b08fb304430966c38bd53202b6aaa0e21f57d65dfb6bb8,87.77575757575758
592120f4149b1e39ba61193ba88a4354c78514ac8fabe848c2b016036889b44a,87.77575757575758
f639d708445985080b63914af937a567d9dfa375c69090bc85ae41a4415c7283,134.37142857142857
1a5b6cedccf82e4a36ac9e5c753588b1632f2695121d29ce5c6a2d44cb941fec,-1.0
9b53c5289b00f2acfc5f3cea0b97ea173b1fe784bb0ff5a85ad3b3fbb48d8cbe,169.95652173913044
c4bce7a2a69cd4518c5fb33e5708f06448cc88d304f250141f87d4c34239c894,-1.0
fccf616190b314a7f0a53d62ff6d0d6d15a946e9bd78e3934c20a4c03e611fbf,142.45744680851064
a622ac0a51cf57aeeed77b81c63fa1d6a61ddc128c5bb52a29f8e2ba9fc47840,142.95744680851064
a339bbd74b36f02506d72bd19a2c6c4bc348cee996762d28136e63f403529638,1018.0
fb3bad3fb70bc8a88039cf5ad72af84e9654d6d4a01d811ad3ac6d44420f41b4,106.1923076923077
a719030474904aa23c27401deb63cfced7ca6b881a0758662363b4bc88a419e8,79.68632075471699
b2483dd9a8208d34749c8713067c21ccc53a648bf04520f98ec681bad6e9f382,156.5
e0be20362e7b9c6716a21a367e086fa9fc1062cc10a9ca49852552b5290e9282,98.92307692307692
2919e65ab97eb6d1fc8cb45d35f87ae3e1e7b05662eaa7076b2ce154d0af5b49,55.70574162679426
5144d03775d8eb736b523d33a4f8ce47d6a9d5303c6942ae93660543d223191d,106.1923076923077
226cdb62681aff2fa10d147ddf84fb639b535bb39db1e671c812c9416b1a8044,106.1923076923077
eae4a4ec63cf525a6b1ecac250ff9d07a72ea051c4f03344baf53af065e5692b,148.13725490196077
0102df9d3fea4549e22afc1c19c4ea4b2d499a79d84fdd117e1483e401ced524,92.4
0e97d4d028d88f17449e9913af3db250cd5981e96d0ce833b40478be8c18b8a4,113.26219512195122
251fe1829f879a53e7c9b6e1e0a3bd43ce81d80fbf526fcce98aa44b005304b4,224.85436893203882
48730a391b9c1ed044eefc1ddf6052d188b9384c6ccefb129732a4b16385320f,148.13725490196077
1369cf0b38065ee31b5bcaa00f31ef49d8487437f2d05bc34901f5d54922cb83,78.66666666666667
0a431ab563777ae6fbedb6133add1b185ff7ba7d662e254ba7ae44068f5abe86,96.47058823529412
d23891a80719aa1e9d259686c8a0bc7da5adfeae066f0f017fda4e897533c285,81.8082191780822
32339edbe37889df30cb216cb3675885a2f79aa35da515c6b3f01a3057d57eaf,96.47058823529412
a732183afd857e913dff299f52f3f0ec23b146fbcee7326f8991604d2f997a90,149.85
ed9a60cabb01e07be27e38ee5e1a17acd3f4b6a7e5fd6f310b711cfa7c18b900,113.4423076923077
054a6d8ec9093ecc1c851cf07a3ebf14d8c4397787dbd7622a7736db58b894fe,148.2
c09f487ff7cb77660116c313ce028746069d0d50533cfd2b41895e3e9811821d,85.78308823529412
0616860ca2770bbf52dc63dad085c5a9b87d52c0c04f372645c9d44004adc6d2,117.98039215686275
e0df2e90d53821bcb86b85bc47d11bf34865c15c6c75d0016d672dc5c9046b50,96.47058823529412
38fdef45d2a57d0f353c77b69487a98606be52cd3952d8caf69a2ee3ad7488f2,96.26962025316456
76e6e71b83d23f58534af88a83e235997444a019d90b99f99caf6007cdf9a1a7,203.625
dcd2fe5d33c041a24bc707b590c8f9647ba1c0996267e54a4f79b67e254fe3ad,105.36111111111111
30ce98c86295e99215c8593a787b7e035b0a430bf5e65ffc758c71caa3f09c98,96.26962025316456
804e0821cac32d729c56edf04059f34185a3cde37a9061312b295413d29a171d,105.92207792207792
491661bb3caacec57aeb1ca12bba08f4ca7e831cae678757f3cf3a42299a45fe,96.26962025316456
079567415a440cfea33aadf9a1eea35b18d168d32706950708d026f336a5159d,141.87037037037038
2bdccc212bbd0ce4660ebda685d2d2d4af073b9bfa3e2d9038172382e8ccd608,80.36538461538461
03e8139a7a58f731285bd03ceb86f7f253007368ffdb3eb37174a54f6cc54af9,161.88888888888889
d27c46b10970467af62982154cb48ca3b16996aee8f7af60f481b87363473ac1,82.60481927710843
d8af60d63374faceadc7661dd76b8b7db8a48e76bd7085bebd6cd559710e1a79,122.08888888888889
020c9a54f756639798552d39909541724fe39fdbd7c239c5d760a8a9a7d5f99c,-1.0
78361583ad4318e367724125dd78cd1d747079811de541364e2a304cd77f7c9d,98.29166666666667
8c71d484efa56aff34347bb2b79313f0e0da5964ed8d4bda29ac69529535d85e,-1.0
c46e8b1ada3a0fc48a444efbffb3b8e6fae2c996043a79c93bfcb7e55d7ee04e,93.49056603773585
b7687673944539d20d6ff679f02e651ff776dcfbaaeee20c754a877332ed22a6,111.40641711229947
cbbfed4156b1946342d7866a1a2b3ec493143f762eb8530a466ce42a18f7749a,63.335216572504706
06f4ba0d25f264411f9b3b5752de969a863e6b2cf44c9f3159743c34a79e8da8,110.46666666666667
98c7d2f072c8a1787d957545d741af0b48e68d161c48018103806171567bc687,111.40641711229947
02dbdab32d25171efc05cbfa1c38f628e70c8645dc36a17fb522b9f7e370d4c7,111.40641711229947
a27686b8df5e92be6a80d2f2e527481434c80e3e2b7fb17cf4df9bcc29c14f06,111.40641711229947
5597b3218ddc51e0db6308218d9a5c757cc8e2ea8e212b69cb98ed82a25cb198,111.40641711229947
7a01deda87ded81941d62047fd9a4cedb58c91142e8c3aee5b9e06ced0e26a74,111.40641711229947
784f85a54700c12a90da09445e989864e994971576d511994e2f88aa69bcb945,111.40641711229947
89eb354aa487cb10ee853a463e42b913e41f9401c70413d90c2617367c8a3fe1,111.40641711229947
79e8cdeec1a9163ebf060e8d484d324a7c5b5fa20c4b2e3527e847135728f5a6,111.40641711229947
db5ad6910b0405b53a5032dbd37624ae464f6aa682ace9c50da1e2a5d3bf677e,111.40641711229947
0ace5ae5184ea1a8751b50c69e8fa287784577d514e0fcf11957b5cf680b93b7,111.40641711229947
4cac2aa0cb11d6f75230571a3cd3405cb250b9b3aeae0836f3c2d0217305371f,111.40641711229947
afc8c1b20848816b5e2ea542524f5e5204eafaa36fceed41911242cc3460fb7f,93.49056603773585
db4fc091f822be927068588b11bdf0db7d17e482d7976c5ca02db4861b26a739,81.11475409836065
ccad811644763dbdeba2f616959664a92ee9b21d4395c18857209ad68d99cd28,147.96
7a7d1fe791a81ff30552767160c392008531be18644fa3a91480baabf71ef759,117.5
790f864f75dfdea3e23764c903b28ab36e6db40c671c25770396bf89cd7fce52,132.28571428571428
35b1453602e4f51fe4fcf715acae24703ab05928ca8d540af7105bda86213448,111.0
e768bf3eda7dffeaa89387396650e9206183a83a7a2cb64665faba88bb8c0c30,120.0
2db20e6b4fe5ac8c896f89ce19461d6689d17a0775269830b64c1f199cb9412f,95.02739726027397
6f1422847f6e2998815d420c781338289303b27c4bf85b05de1228db7d06da32,66.55555555555556
6578e434cbf19094b1fdc686693ac0860f4e5ddef867cd3562d66fc6187ac7a7,122.0
6828b5129fd557b446d4a989765897f89f8b48b50c7aea6bfcd9ffdcbf596ce2,221.5
29249b1bd711d829685245c683dccae07e69e3bca44b5f70e137e5392421e2f2,97.62962962962963
6608427e17446903d2efd68103452b96755b950afa05e233338622a70c2ad75a,84.75
e28cadfcce3377ca111def728a72b39eb080e3857f8a5f750b7c14f086bdc8e7,79.61946902654867
e920921278b56d25a8cd0ee7c36dc790939353e1a4d297322bb7e26f54a76042,73.2043795620438
d172b25d1882e7ba72475b03c4240c4c3f2a27105f187f784db6a53e6e27b42a,110.36363636363636
7e67524ee8f708a327156c08190f4827554b3245f5332fcb956be35aa98e8072,26.857142857142858
e2d3cb9c9901a05d5bc177581f9cdaa3b65a9056110c1845c09cbd25d3338bba,-1.0
8c04b043562fe037dde46590353e1ebaa7b6a97757d0a8f2fafc00d11d5b6f83,159.34782608695653
274a2da0e68d6c4644848abe2026b36e81c3280c0cc27c868eb79dc2e3c6c8a3,236.125
6a891a3b92dc7db8e25b8637374e699d760995678c788318f69472e8431ce37b,110.54629629629629
5cdf80b3e0561674c92f8d06d82762d1c7a2708f15ec87ee67de307097b377ea,77.59770114942529
290b90398ced9dfbe11c9dc1db7bc39ad95dc2ec07a3aaf98465f4ed58beabd0,389.6666666666667
0805d1d3514b1dfc0fc9d731cd30d434df19c464ebf530948662baf2406e37d6,95.13793103448276
7e0b3cbe4576fc1530879f2d3bf5fe4d28802c076a34566e7e40218939a81591,127.75396825396825
e4913cd50be9c7b204ff3f748dfec1576cb7309d20302e67ef4b8c30998d10fb,69.92592592592592
5f2a9b188c8d0ccb77d036d9b360f3bdfa15d3dfdd20f0ea69b67bae8e47716b,74.93877551020408
39ab16638d07b11b947d4f82b31362eb112e54a7b3b672f74631c0a766d6d5ca,69.92592592592592
b7397b74f1ee22a5dab4fc969e1c6cf7c150d109d8c9d1c32e87deb095629be0,69.92592592592592
2fb485235076a613e5b8bd2146a2bbfab82de0fe5f3f7d2fcb162085b5b599de,69.92592592592592
1f584c7bb3d573c1d00da1f68648458fedc2955b6881d968a3fc7c00a9a7f7d9,81.5
1420f7a2ecbf94e910a3523b32a9dee52dadbb199d547de09f2bb1dd8f9bab97,69.92592592592592
d9f3653c7279a2d63a8ef288920d31e61e52bcc113da83b2c36e4e5c85a23a6b,69.92592592592592
b8391ce0c16e5ae18802df96441b22ffae240af52c6a94519c54ae1d6f725bbc,69.92592592592592
d050bb815e88f223f366fa257810b4ae3ae61c08e233b791b75e6165b43ea027,777.0
4939fc2d953bfaa40e619387cdb3842ff7a10a558f5d743637bffd42df8d7b06,136.27272727272728
d903ec7ef6c548a14a15cf4b67a3eab21332cf13d4376177d252bb1907d801d3,104.05797101449275
f0011327053cc2c6eb5c72a5867d6c1a1a305f82fcb315a6af8c0447bda077c8,145.1875
c4e1b7a87395282c9c28219a6f33f4d3ddd4b22d2a57a6569f74f0fd7c5212e4,71.37179487179488
4b488b3513568235f1a789a0bfdd33c63155b41f5701d499e89e53dd1b8c3c82,118.775
c2d3bda08e990de7ec6d05997e41c477a01439dcaf0e8e91c192e5e13a7a8ba3,102.22727272727273
192a9cacd352e269b32eb14018490d50c224a1afc54d1dc3466a2672c3eac53a,105.61111111111111
f323942a374216b4568a4c463aa59ae51186e7b26175aaf3f0f3bccba31e37dd,207.25
c611fe54d6eeb9e4941378b56c92fdbff73209bd89ae45acdc63d3b1f440c88e,127.75396825396825
bf66582c7e750966eb6248d37838be970173b692a459c942bc0a768bac56e7a9,111.57407407407408
295e486467567fe9bb49dbaf7bac980bab9cef829676ef1d4e392839ebaf09d6,352.6666666666667
453a5e29324ead55ae17db2fbe1f47aaa97ae33256bc67c0815771a190018a96,227.625
9d948792fb534073465cf5a3c9bd6e0d4472a31913539fa97afc86b3a168a507,155.95652173913044
1f7ca96c3a663f9287c5eecc9a81eb4a025db6a2df5a2969bac8fec445e92baa,75.54285714285714
8eb0e4eb3e9e22be9ec6d06a5971d0a8070134e5e42c0470c98b82500c2cddb4,119.8
aa665047f3ced699fc410466c2cd89da64f49d6f9b2e5570bb3f533820bd00fc,-1.0
7849e2acd640521a090d9a32d66aff51c9d9c853da2c383cf58f5eab83a1b731,368.8181818181818
005f574bce05debb497e65c560190791f3a773c2250aeec764bef4f9bb16e65d,369.1818181818182
8915d0ca81f4c94ec42f1acdf23d8cab2759c7acbe917ace9682edee6cc1b6d7,328.9230769230769
a455aa4e9cb52dda693d13007e0f0004a93a6dceabf122e6ea690378c12200c1,375.3636363636364
b2f1ea11501d18dd1806307fa2c81afa869b54d8e15ed571204d5933523062bb,81.58152173913044
44611a969a079b225d1b408e6a9671b9fe58bbaae1d05dc3e94941ae16627cc4,57.78688524590164
083f281f79f430a1bfc4408aa0689b43636827000603286cc51efab07baa6126,227.2
015df2517c29fbda70f1ba7b9d8dcf8d6cd311b40c6c31008069790ba18feeea,108.23076923076923
727c420b9185f45531d425645b4bb26f2ecc842b508a36580853e8ef48d4ea8f,207.25
fcd06c0dbfaf5a7f8f2ac4ee5d40a1cdf3e5a54cc2da5d00f9b6c02f86cc2c41,105.61111111111111
c16feb281d79a2f40eb6e2da6988841556c9f507c3bd1f209cec5fec8c996207,49.57142857142857
9717c3d7ac2dcaecfd3d80c79e833fc25eb2130de2fde99049e9fd72e69b006c,69.55882352941177
9b57f0a5e5f8b4f9aee4dd9e6fa28fe9b74f54f3316fe77ab0f9261a9850a15f,120.49019607843137
b31591a54f36f85ca344b28b5942a598e9eaca38b1bb5a36baa9018c47ecd589,188.52631578947367
7e7f843b002096b76de7b35de97620697c7ca374820a31aa0a88d7238987bd12,108.56969696969696
1c0b0fa4af371c0bdfbb3a64f4a74a07e536ae12171800df8739c362bcbadcb2,139.4313725490196
057e26b87bafc4a4522b93a4721de0971e5ca7b27e693c476cf46f3f2d997fd9,247.8
86ededef70bb918ab086398eaebc5a1d3ad7fee7f38a58314c2339635a5e7c53,208.2
bcccf017fa828da5535dbcc92b0fb1580b62c9ae2c30511ead2bb47f02675d38,131.0408163265306
ff379271e567312c9c1524d95ad2f530e9d2a88ff3c94ba32ab053b83a10146f,139.4313725490196
fb5ed6a2cc617413a61b9267abbc516e1d1bec3d65089a3539dcc2c1780fcd92,208.2
30e39b58fb197a2617b6fcb4d3ef1a0b531defa752eaad1d7411a5610cc0ea49,238.0
1eabb2beb6b7f75288e9fe1e9cef79d27bf29100145db2381caafefea888cb74,158.3125
f16ca4d58f751e98ae9f2594bda2f552608c09b13655abcbc0b3bd4d6c4b5b1f,188.52631578947367
e1bea6f5bdcdb3f33b5808b15fb08bb6a94021367ae2d12496a39ac201908252,247.8
380424121f9f1e9754decbeab0143315f7b830b361962fd7b55ad808b6d5d601,107.47272727272727
01a79d0b6010a235d7a9e04d2b3d01e93c8ef110af64fe35b50cc7e19e9d92c8,92.64912280701755
dea649136a8708d144607ac7f7bbf7d2d14b01be46a64976e161381017d8d5cb,414.3333333333333
046e039e7063fbdbe44fd3ebb9fef9ee05b4a956a3d1bd1d760ceb45c07decb5,650.5
89c1f66f271ab939ea526523f77a16ef1bd2f8dd7f1a2a249788b61e978968cc,196.14285714285714
55c14609f7b6391e65287a9ae0b45805930144b7939c6fbd429175839ced3c4e,99.31788079470199
90fa45496bfccf23ee03b039e3803c4ef8386835c337090bc4452411c199481f,72.81679389312977
ba21390a02417cb3c2aa82dee2ae3cdc3aea49e63e06294602c8fbd41f6af917,237.85714285714286
f25fd83f32e0cb6a1b288dc3d8c3d1edfdeabfbfcf19231d5f98ae448d487c89,131.89795918367346
ae3591bd873b0db5f81b4f2a1bc4e3bdabe6f978a4d247cf5d81ef4dbb604d66,158.90625
a42a8d66eddd43e819f4be38ff73bf97c13d71ad3b4f4daae36ed5b58d6ea74f,106.5
589604018c10a6e3d3bfefcf74b7b1d067650795e94951912179ac69ef0dd89b,87.1256830601093
b25ff2f8482443666ee8842be5ff46d24cb5f511900dbacab94e099a361cce91,85.5
3c006e1053754dec1d217914162db5cdf9004ea81051a609e077046dde345a69,122.25
5837f0c411f7a82be1a727de4aea2954ff9c2a598a5424eba9a681c35af2c42d,87.1256830601093
a5d2c1fbfacaf9d67b95c7fb5f4cf6b51b161e0d4e1a31e21f3aca3c764c4f1c,72.81679389312977
6e21206cb79dc0aa47b6578968bd9d3e46ca54d544a795c7733c10fd90bc50d6,794.2222222222222
55158d2fc685bf1327af6b5da6e5badec1b345289e2425b8a6291a7cb486b03b,118.8108108108108
3194148bd6628a1fabd530a71b06342ceaf47dba7ad8eac840f00205a95956ae,132.3
42642365ff20165acdd7fc4beb910069367207f49568f6a94baeab0fc78e1c2e,157.66666666666666
a5a96f8f1bf783fd2dbb3f325dc89e2b5a21cea6455346620f45788231eef1f0,334.3333333333333
dcd81cff3c26f69723e171a98b35bf4194ac1676669808254922ecc8894daf93,90.73626373626374
2aa09e06e54edacb2244eb9a61b8cbdf2e146092f8d8355e3a0778fb8cb31d6f,355.57142857142856
371c1eb752946aea8b8535f7d7c148298e87a18e73700a9b7e702ec712bfbdfe,55.633663366336634
67535967a133768b4c55c09fede2646c4d3537df6c5490abe35ce05ed46b76f1,193.8181818181818
6743f0ba03211094cd28213754ee0254beafe2dd887ba1c5643f95e209db19ee,107.21875
759a7355d39cd451f65d2fdbd4c2e2fa2631a17226c332f03c2686bed8065e14,87.1256830601093
bf21645c82b200f51574a0dfa007b951316847e7451756a45ca509dfbeed8bb3,85.31182795698925
ea724c7c2feb687c22bba161073f79946094cb663b09062ab34f55f742ca8a5f,43.333333333333336
6d7bdadc6309b99d01bb67fdc2e62dbd721eb808231f061e1b818db71dba4017,90.30508474576271
2fe1dea1b62683c5fbccd8542448cd9d451c025b997d1894a4298c7d3b4bbcf2,93.97391304347826
4e517c2c8df93f1e4264483a2557d31b17d879bf6cc7b811f9b7e7cd4e6eaed7,135.72222222222223
9b2f30c8acc3bff292a2d69c41df8c2e45fe105a80da08c6a84cd82d59eff4ee,135.33333333333334
2cbff6f4309e8c85832191b315b21a1cbf59721513f3e02c1218c1f84d72db42,134.94444444444446
221e935142efd7ee56a069ef9dfeee2f62d277e67bbc2b027367dcd1ee4755c8,129.58823529411765
7a65253d7b5db2d8746656ea2a23ed063bed5875956e3f5d6ce3220e6cdb06f9,64.10526315789474
3cd7c3c922b46e53b80d0d482bd142e576ff4ab079109dc445176f589a377da2,64.10526315789474
aec2ea9e485d53e3ea42cbaf5fb79e0b78d4d77191fb6211add633909e168f03,194.375
cd4d5109e0e99a7d7cd70f58832330bc9bee4e95f97f81f3add0a89012777663,95.43478260869566
f6640135cb011d76b300e01eb96c593da7adc2b4314f6e4fff93e3e89b0714c5,106.31944444444444
8517ef325f0b034af4374e03f57e56873c30036e5615c24aaddba7eba2cb34b0,212.25
8379c9822cad1e20fd6101614c18c1d6391592cca08567222109e011d6b022e9,81.30681818181819
d1af4533d4ffd9bbfc74dfd78a528dca951a0e2eaa937f6dac11bb21dd229f9e,93.28985507246377
b0761540fd23bab5f5914a8fe89377bccaae2d762a85fb568d00d4c26bc18896,95.43478260869566
a52d6aa5d8476083708f3b72fffb8db4809261b8253ba3d5055a4c2da8df2332,93.28985507246377
c9f92f896e286d4b15d8f0901e510bcd6246330e29a53ffa4e45dc2afb198ac3,199.375
1db97122084ce0b2ee4385c78ac5df82b58662f034a03dd9a0865f3da65fae01,104.88888888888889
bf2707a733a147cee4ea2ed828b3581c1a30bb49585af74c4897c6e4bdac9163,74.45859872611464
2162b01ff1ffb004120f4692ee17f54eadd627f6289a98fcbbce5088d655920a,141.06976744186048
b1581d31e07d6710e7418157376dd46a20e66eaed963de7b667521135b23428b,74.45859872611464
47481340edddc7da98788c1892e404a238b8e1b48785628dc646454cfd65bed8,141.06976744186048
dc95231bdae1b7cd5d103843c9bd397e9f517db3cdbd98d082835b021cae3cdc,152.92156862745097
256c7ee44b1d86c913bb556e0c39405139ad520f4c9260dd7d00625bd408cc3e,84.40789473684211
7660a135ab4c3f3fcd62e483be584488d2f748ed89af2ffc05e0707c11b4fa31,105.29333333333334
6dd2dc9d3c0c7d01059da26f3b1cdd46718a7a757557f5347bb46785d35084dd,176.36363636363637
83ea3f88c2ce742bc760a6d82e9777ccb8b6ea6e3f5ecdd820808c9307fe3a4c,71.13333333333334
ef3b5f4c142d30ce29d49c1b537d79e257b46c85b4d5c106c3f63046d7ed4b94,125.29629629629629
721f807ed7e33469141926186f4bed9ca1813845a8ff181d05501315db3ba48e,170.44444444444446
f3af2dd1d104e483c377a7c7cb07e5663da3b5efea2347e549e1f7aadac26d0b,102.61643835616438
2c42d97e4c8c589f753a99dee419a1599b0dc3a67610129ed3a2a1218fe237df,523.5
da1b9fbeaf5279bdbeb89120d035e1f1efb936bd780e705bff179b1fe6746eb4,125.29629629629629
4548c014cd95248b534e688b0f527f0001208d0c5afcddf470de205988a14899,122.0
10de09ef46e118b46f8d2fa2860c7eb97e2b7327dae69b62dfb48e879544f978,79.51923076923077
70284cddbcaa17af25750374cbb83ff669cb3140b6f161788b73d9c157359df6,157.77777777777777
f47401dfdbd37f4c35a393df0060f08d5fe3ce2d3b3875d776f7ecd1bff06eb4,73.75
8e67f01d38e9c8ba49508dec75c5678ca361b257fd390534a8be629265acb0bb,93.36363636363636
c7baf23337f6990e55e3a10a681855b45f05088ae69b0455e8cc09bf407ffd6b,103.84848484848484
9d973592eecc50059fcfd1bb95c0c82c81eeb20e1b9708aeeb8f5c3991c0a79c,103.84848484848484
6a684c17d6fc3b59fc2a29176ce912990e825d30e2725e696fe13fd43cb433f7,123.31818181818181
06bda7de8be4bcec33ca20954e89d2ec119858843aba6097d5b6cb90afc6b328,78.16129032258064
9f639cf414f2fc7cb2c71eb973afc20a9bd58b26cae085b3b6925a47b41ff21c,172.875
ba5022a8a3c562506c4c10e0424368fc7e34e5a50904a337fb1fd780b69f3101,88.28301886792453
7598d5343a5d9e7c5a072d71f9f66a1ca7e27f91bc56c5ead22bfa027e41fd61,109.07692307692308
991a7ff4d1ea3e349626429894961c096407ccd48963d2d572469dc94a2cd026,147.35294117647058
645223e45bdf0bb96be45c9b7beaca1e9d17f9682828d678e945a8987c913a94,96.01027397260275
9d1d14b80b9b4a89aaf415f511c0436b5c8db427a4d4e1af5f3d72d259737a87,83.33333333333333
3d90ad8a1b0c4772c8e5050e0c78afa19a9918dec94a8a1dd99a8e20135165d7,75.85858585858585
f123b1c1226c32bc541ee56b21b236a7bf33899a8ca1e9a23ade618aa5e571b1,96.25
505a3cc031bf7982027d7247d532c48bb6e95c8a0729f97aa8f5210b36f00539,174.88235294117646
12b1c8af53c814fe9b64626a12d836747a87eb119b5186f3d1b8320af4d6ecec,108.67441860465117
c1fb4ef86f87d0cf4c2b0452bf736ba6e740664c6c156fe910fb259bc576c88d,77.35593220338983
c8a0dc7638f1091f8d61c1fc9f5122dedac22020d51ee12c3d0fe4c2050f3e84,95.26666666666667
b23e853981be1b59724a0f62f8d99dd06d1054c4109a9ea863a5b31f38cf99ed,101.86111111111111
295219646381bd5a2deafd156ef03d39ee248fc5282c08c31566c22df79585d8,580.5
8a19a9f1b086b8b4b49edff49e6b88b9d9d75964eadb9053351b19b5464cc866,279.3888888888889
7d2f9fa8b69131c52a8b5f1867e079a77a0985206b33a7d7fb631c74746609b7,543.5
29b51805337fc63597736cd80c449ea06955928159fdb02a62311c9da76a869a,91.28571428571429
4245b199571ab7febb88779df9316e9d94f767b7ebd243e16f657563c3f09a2c,51.25714285714286
fa8c184fd48aedb91225ecbdb6825e3990026725bb2339a71968f05ecc13cd6d,79.41176470588235
1e23ebb5f7c7b947ed86bcad57e1a66830d445bea7f83a7476467211a4575e92,105.952
0ea13b243a3e069b277759bfc706a2a2126175635cf675b898dd7f516d7b623e,65.89024390243902
cbbe7a32ef09a2723175d6c800bb8c54dce7b750a448ec2f401d5110cb0fa213,65.89024390243902
a83c8f64eac0451e3e60f7919a13e952540564c3fc36bd4f0140f86f9e38b7ff,66.89655172413794
43f04b5f4e769173d005613c8a37416460eb37e08bb46badc8b66be159a1603b,65.89024390243902
3cf848b38c68d2eb6ed0e3abc130e8e8fcf6b53d6dc566ca18e704e94e3c8f5c,92.98882681564245
038e8188d1e724f6a761e5bf7b93e9a629e318396a8c7c18eaf4c10285638cf0,85.39285714285714
8fe6f2832c302a9dec96125bfb80e3c76a1e34d4c7d97af30b0eedf9b4853231,83.91629955947137
02afaf7ea319af1beedef54dc5a1080438275f0da9dc17aa90a315f3de3224b9,83.91629955947137
368b641ab65c9fa0744b62787d768812e6afc683a7036ada3e21a7aee645a416,86.6027397260274
fa31b137fc6890f01389de32bc6058667eec26b6fdb8dfaa404c5ac630e53200,118.38461538461539
9225098f8ea61ad5c77617afe1509be495d26057793612a3d32f4cbf4590f110,86.6027397260274
a194abf10b91abc6a617d8eb99037d7fe495a57e2988f66ef5bce75c3add5955,86.6027397260274
4a0a00adf19c812ce89f315839151da390bd47fa34f6e15749fe3188f4284de2,86.6027397260274
d60768bb3f424b31888310a1f0295a21c420d860b792d8c81466da1ff16214d0,118.38461538461539
796c8faad90ff94a6dbcbf36dc8518830cb93cfb73641dca03b3981fb9fe87c6,86.6027397260274
9bd4d00793335b47e428a4746eb261d2da15f7069ea581ef8e9df2aea5a27776,118.38461538461539
7b57700a715754674e13bc82a9db6483844633a5d8793e0677a059d15351fe7c,118.38461538461539
fa00f5622fe721397c57b4b8a299d7229b86da592f08545a9d4cf26d011edf4a,118.38461538461539
9cdcf3c9d203ae94c0ece6db2a0d0d401fc52f2e89740e17e89291aadea0891a,87.75
23064171826d7e342861e2911a85afc85dc314ab150b1644e19aa2a7eb6a63a3,206.5
96f7934fa6ceb79fcb97cd4692ee9311eb1765160a609b6dd6043c3efa473082,352.57142857142856
7d2c97f226841b66ccc30089c765ba8546893ec22ef7e2067bd6ac9995d093fd,109.88414634146342
c1e7424075cadc244f203cef26bb50dc8250521b41722e08c2035779ec0bade9,125.02
58b1b12912b7a94e31897402ff85313052c578294e3ea6d2aa5d755902bd56e5,103.88607594936708
67e1d5d4be5f530d4bbb1ede3c06726caf6e6b02fe45751b1265995d5d466650,60.032786885245905
c49cd893ed746adf1b7145049fbb247067ef178c0a7d6047377be88041a62d61,58.59842519685039
